<?xml version="1.0" encoding="UTF-8" standalone="yes"?>
<addon id="plugin.video.MyYoutuber"                                                                                                                                    
	   name="MyYoutuber"                      
	   version="1.0.0"                                                                                                                                        
	   provider-name="Thunder_Dark">
	   <requires>
    <import addon="script.module.urlresolver"/>
    <import addon="xbmc.python" version="2.1.0"/>
	<import addon="script.module.requests"/>
	
  </requires>
  <extension point="xbmc.python.pluginsource"
            library="default.py">
        <provides>video</provides>
  </extension>
  <extension point="xbmc.service" library="service.py" start="startup" />
  <extension point="xbmc.addon.metadata">
    <summary lang="he"></summary>
    <description lang="he">Youtube player</description>
    <platform>all</platform>
  </extension>
</addon>