<xml>
  <dir>
    <title>Temper, Violin and singing</title>
    <link>file://Temper/main.xml</link>
	<thumbnail>file://Temper/icon.png</thumbnail>
	<fanart>file://Temper/fanart.jpg</fanart>
  </dir>
  <dir>
    <title>Tube Toons</title>
    <link>file://TubeToons/main.xml</link>
	<thumbnail>file://TubeToons/icon.png</thumbnail>
	<fanart>file://TubeToons/fanart.jpg</fanart>
  </dir>
  <dir>
    <title>Tube Flix</title>
    <link>file://TubeFlix/main.xml</link>
	<thumbnail>file://TubeFlix/icon.png</thumbnail>
	<fanart>file://TubeFlix/fanart.jpg</fanart>
  </dir>
</xml>
