<xml>
  <items>
	<item>
		<title>VeggieTales: Noah's Ark</title>
		<link>https://www.youtube.com/watch?v=AkT38zMqFvY</link>
		<thumbnail>https://m.media-amazon.com/images/M/MV5BMTQ2MDk3NDUyMV5BMl5BanBnXkFtZTgwOTY5NDQzNjE@._V1_UY268_CR9,0,182,268_AL_.jpg</thumbnail>
	</item>
	<item>
		<title>VeggieTales: God Wants Me to Forgive Them!?!</title>
		<link>https://www.youtube.com/watch?v=b21_lqLET0s</link>
		<thumbnail>https://m.media-amazon.com/images/M/MV5BMjA3OTYyNzIxNl5BMl5BanBnXkFtZTcwNjcxNDkxMQ@@._V1_UX182_CR0,0,182,268_AL_.jpg</thumbnail>
	</item>
	<item>
		<title>VeggieTales: Larryboy and the Bad Apple</title>
		<link>https://www.youtube.com/watch?v=rvZFmBQxKhs</link>
		<thumbnail>https://m.media-amazon.com/images/M/MV5BNTQ3MjcyNzIwOV5BMl5BanBnXkFtZTcwNjAxMTA4OA@@._V1_UY268_CR16,0,182,268_AL_.jpg</thumbnail>
	</item>
	<item>
		<title>VeggieTales: The League of Incredible Vegetables</title>
		<link>https://www.youtube.com/watch?v=cFrVcvSOrmM</link>
		<thumbnail>https://m.media-amazon.com/images/M/MV5BMTUyMDQ1NjY4Ml5BMl5BanBnXkFtZTgwMzA3MDEwNzE@._V1_UY268_CR9,0,182,268_AL_.jpg</thumbnail>
	</item>
	<item>
		<title>VeggieTales: Daniel and The Lions Den</title>
		<link>https://www.youtube.com/watch?v=LsqtKx2NRSw</link>
		<thumbnail></thumbnail>
	</item>
	<item>
		<title>VeggieTales: The Little House That Stood</title>
		<link>https://www.youtube.com/watch?v=RW14FrYQhw8</link>
		<thumbnail>https://m.media-amazon.com/images/M/MV5BMjAyNzQ5MDg2M15BMl5BanBnXkFtZTgwMTM0NjU4NDE@._V1_UY268_CR9,0,182,268_AL_.jpg</thumbnail>
	</item>
	<item>
		<title>VeggieTales: Abe and the Amazing Promise</title>
		<link>https://www.youtube.com/watch?v=CGAQsbF8C_8</link>
		<thumbnail>https://m.media-amazon.com/images/M/MV5BNzc3OTAzNjI5OV5BMl5BanBnXkFtZTcwNDQ5OTAzMg@@._V1_UY268_CR4,0,182,268_AL_.jpg</thumbnail>
	</item>
	<item>
		<title>VeggieTales: Merry Larry and the True Light of Christmas</title>
		<link>https://www.youtube.com/watch?v=865c42qCCA0</link>
		<thumbnail>https://m.media-amazon.com/images/M/MV5BNDA1NjEwMzk0OV5BMl5BanBnXkFtZTgwMzA0ODA2MDE@._V1_UY268_CR1,0,182,268_AL_.jpg</thumbnail>
	</item>
	<item>
		<title>VeggieTales: The Ultimate Silly Song Countdown</title>
		<link>https://www.youtube.com/watch?v=eVP8BKcJCb4</link>
		<thumbnail>https://m.media-amazon.com/images/M/MV5BMjQ2NzQzNjg0NV5BMl5BanBnXkFtZTcwODgxMjU1MQ@@._V1_UY268_CR175,0,182,268_AL_.jpg</thumbnail>
	</item>
	<item>
		<title>VeggieTales: Lord of the Beans</title>
		<link>https://www.youtube.com/watch?v=jgDKRU4d6pE</link>
		<thumbnail>https://m.media-amazon.com/images/M/MV5BODk3NzA1MjI2M15BMl5BanBnXkFtZTcwMjg4NDUzMQ@@._V1_UY268_CR5,0,182,268_AL_.jpg</thumbnail>
	</item>
	<item>
		<title>VeggieTales: Beauty and the Beet</title>
		<link>https://www.youtube.com/watch?v=Lpvj4T_28n8</link>
		<thumbnail>https://m.media-amazon.com/images/M/MV5BMTU4MzE1NDc5Ml5BMl5BanBnXkFtZTgwOTQ3NjIwMzE@._V1_UY268_CR9,0,182,268_AL_.jpg</thumbnail>
	</item>
	<item>
		<title>VeggieTales: Where’s god when I’m S-scared?</title>
		<link>https://www.youtube.com/watch?v=KRRYONAVCsc</link>
		<thumbnail>https://m.media-amazon.com/images/M/MV5BMTkzOTEyMjAyMl5BMl5BanBnXkFtZTcwNTE1NzQyMQ@@._V1_UY268_CR10,0,182,268_AL_.jpg</thumbnail>
	</item>
	<item>
		<title>VeggieTales: Celery Night Fever</title>
		<link>https://www.youtube.com/watch?v=qgfxE3S_-2I</link>
		<thumbnail>https://m.media-amazon.com/images/M/MV5BMTgzMTQ5NjkyMl5BMl5BanBnXkFtZTgwOTA4Mjg1MjE@._V1_UY268_CR9,0,182,268_AL_.jpg</thumbnail>
	</item>
	<item>
		<title>VeggieTales: Saint Nicholas - a Story of Joyful Giving</title>
		<link>https://www.youtube.com/watch?v=5RX6MyXS1lc</link>
		<thumbnail>https://m.media-amazon.com/images/M/MV5BMjI1NTY0NzQyOV5BMl5BanBnXkFtZTgwMDQ5NDA2MDE@._V1_UX182_CR0,0,182,268_AL_.jpg</thumbnail>
	</item>
	<item>
		<title>VeggieTales: The Toy That Saved Christmas</title>
		<link>https://www.youtube.com/watch?v=UuvlclszOBk</link>
		<thumbnail>https://m.media-amazon.com/images/M/MV5BMTI5NDIyMjA1Ml5BMl5BanBnXkFtZTcwNTc4MzIyMQ@@._V1_UY268_CR3,0,182,268_AL_.jpg</thumbnail>
	</item>
	<item>
		<title>VeggieTales: Veggies in Space - The Fennel Frontier</title>
		<link>https://www.youtube.com/watch?v=3B5-MzLIkK0</link>
		<thumbnail>https://m.media-amazon.com/images/M/MV5BZmJmNzIzZmEtM2Y4OS00MmMwLTg4NWItOTgzYTkzYmE2M2IzXkEyXkFqcGdeQXVyNTM3MDMyMDQ@._V1_UY268_CR9,0,182,268_AL_.jpg</thumbnail>
	</item>
	<item>
		<title>VeggieTales: MacLarry and the Stinky Cheese Battle</title>
		<link>https://www.youtube.com/watch?v=gZ3t2Xzb5Cc</link>
		<thumbnail>https://m.media-amazon.com/images/M/MV5BODY2NTc5NTExOV5BMl5BanBnXkFtZTgwMjYxODA2MDE@._V1_UY268_CR1,0,182,268_AL_.jpg</thumbnail>
	</item>
	<item>
		<title>VeggieTales: Esther, the Girl Who Became Queen</title>
		<link>https://www.youtube.com/watch?v=sy_an0WkaLQ</link>
		<thumbnail>https://m.media-amazon.com/images/M/MV5BMTY0NjgzNTA3OV5BMl5BanBnXkFtZTcwOTY2ODYyMQ@@._V1_UY268_CR4,0,182,268_AL_.jpg</thumbnail>
	</item>
	<item>
		<title>VeggieTales: The Star of Christmas</title>
		<link>https://www.youtube.com/watch?v=lSdzmmvY8qE</link>
		<thumbnail>https://m.media-amazon.com/images/M/MV5BMTg5NTY4NTM4MV5BMl5BanBnXkFtZTcwMzUzMjMyMQ@@._V1_UY268_CR1,0,182,268_AL_.jpg</thumbnail>
	</item>
  </items>
</xml>