<xml>
  <items>
    <plugin>
		<title>All in the Family</title>
		<link>plugin://plugin.video.youtube/playlist/PL_OVlzi87KEhpzivQE5TGU2yR0_MOPMKz/</link>
		<thumbnail>https://m.media-amazon.com/images/M/MV5BMjEyOTExMDA5OF5BMl5BanBnXkFtZTcwNjM2NjQ3Mg@@._V1_.jpg</thumbnail>
	</plugin>
	<plugin>
		<title>Bonanza</title>
		<link>plugin://plugin.video.youtube/playlist/PL_OVlzi87KEgKVwRgDM_eNbMzxoLu4c6U/</link>
		<thumbnail>https://m.media-amazon.com/images/M/MV5BMTQzOTE5MzQ5OF5BMl5BanBnXkFtZTcwMDk5MTIwNw@@._V1_SY1000_CR0,0,702,1000_AL_.jpg</thumbnail>
	</plugin>
	<plugin>
		<title>Dragnet TV (1967)</title>
		<link>plugin://plugin.video.youtube/playlist/PLNWiwya2pamA3vxjL3qHDMPURdjJ0Fnk2/</link>
		<thumbnail>https://m.media-amazon.com/images/M/MV5BODJhZTY2ODgtNGM4Yi00OGQyLTliYmEtMzg3ZWMwNjc3NTVkXkEyXkFqcGdeQXVyMTk0MjQ3Nzk@._V1_SY1000_CR0,0,697,1000_AL_.jpg</thumbnail>
	</plugin>
	<plugin>
		<title>Head of the Class</title>
		<link>plugin://plugin.video.youtube/playlist/PL_OVlzi87KEiVviz35i58aMg7NgEtYnQq/</link>
		<thumbnail>https://m.media-amazon.com/images/M/MV5BZDU0NDNmODItODBjMi00NDhlLWExODktZTYzNmNlZmMxYTg0XkEyXkFqcGdeQXVyNzMwOTY2NTI@._V1_.jpg</thumbnail>
	</plugin>
	<plugin>
		<title>Nancy Drew</title>
		<link>plugin://plugin.video.youtube/playlist/PL_OVlzi87KEhcKFucx128dZsmaM47Qh-H/</link>
		<thumbnail>https://m.media-amazon.com/images/M/MV5BMTgxOTg5ODgxOV5BMl5BanBnXkFtZTcwMjQyMTA4MQ@@._V1_.jpg</thumbnail>
	</plugin>
	<plugin>
		<title>The Beverly Hillbillies</title>
		<link>plugin://plugin.video.youtube/playlist/PL_OVlzi87KEiJ2vCQklF7GOCKQEhoHPNz/</link>
		<thumbnail>https://m.media-amazon.com/images/M/MV5BMTI2MjY1OTgzMl5BMl5BanBnXkFtZTcwNzYxOTYwMg@@._V1_.jpg</thumbnail>
	</plugin>
  </items>
</xml>