<xml>
  <items>
	<plugin>
		<title>Adult Wednesday Adams</title>
		<link>plugin://plugin.video.youtube/playlist/PL_OVlzi87KEjw6bQkf9OKYDXnpKXjMMq9/</link>
		<thumbnail>https://m.media-amazon.com/images/M/MV5BOTI1NTA2MzktZjdjYy00NGVlLTk4MDMtYzljMTQyZjYyYjc3XkEyXkFqcGdeQXVyNjA3NDc0Mjk@._V1_SY1000_SX1570_AL_.jpg</thumbnail>
	</plugin>
    <plugin>
		<title>All in the Family</title>
		<link>plugin://plugin.video.youtube/playlist/PL_OVlzi87KEhpzivQE5TGU2yR0_MOPMKz/</link>
		<thumbnail>https://m.media-amazon.com/images/M/MV5BMjEyOTExMDA5OF5BMl5BanBnXkFtZTcwNjM2NjQ3Mg@@._V1_.jpg</thumbnail>
	</plugin>
	<plugin>
		<title>Dragnet 1967</title>
		<link>plugin://plugin.video.youtube/playlist/PL_OVlzi87KEglWT-hCbP1VBQHsz8qWWTi/</link>
		<thumbnail>https://m.media-amazon.com/images/M/MV5BODJhZTY2ODgtNGM4Yi00OGQyLTliYmEtMzg3ZWMwNjc3NTVkXkEyXkFqcGdeQXVyMTk0MjQ3Nzk@._V1_SY1000_CR0,0,697,1000_AL_.jpg</thumbnail>
	</plugin>
	<plugin>
		<title>Nancy Drew</title>
		<link>plugin://plugin.video.youtube/playlist/PL_OVlzi87KEhcKFucx128dZsmaM47Qh-H/</link>
		<thumbnail>https://m.media-amazon.com/images/M/MV5BMTgxOTg5ODgxOV5BMl5BanBnXkFtZTcwMjQyMTA4MQ@@._V1_.jpg</thumbnail>
	</plugin>
	<plugin>
		<title>The Addams Family 1964</title>
		<link>plugin://plugin.video.youtube/playlist/PLwwhtOnMyjuxQy81h7uJMCdsR-bS-uVaD/</link>
		<thumbnail>https://m.media-amazon.com/images/M/MV5BMTA5MmM4ZmYtMWE4My00OGUzLWE0ZDQtNGE5Mjc3ZWM0Y2Q1XkEyXkFqcGdeQXVyNjk1Njg5NTA@._V1_.jpg</thumbnail>
	</plugin>
	<plugin>
		<title>The Beverly Hillbillies</title>
		<link>plugin://plugin.video.youtube/playlist/PL_OVlzi87KEiJ2vCQklF7GOCKQEhoHPNz/</link>
		<thumbnail>https://m.media-amazon.com/images/M/MV5BMTI2MjY1OTgzMl5BMl5BanBnXkFtZTcwNzYxOTYwMg@@._V1_.jpg</thumbnail>
	</plugin>
  </items>
</xml>